{
  "class_names": [
    "daisy",
    "dandelion",
    "roses",
    "sunflowers",
    "tulips"
  ],
  "modelo_a": {
    "accuracy": 0.6099476439790575,
    "precision_macro": 0.6091195926803035,
    "recall_macro": 0.6220925181758953,
    "f1_macro": 0.6042870260705607,
    "precision_weighted": 0.6254955710444643,
    "recall_weighted": 0.6099476439790575,
    "f1_weighted": 0.6068609697416656,
    "confusion": [
      [
        33,
        12,
        4,
        0,
        0
      ],
      [
        18,
        69,
        3,
        8,
        4
      ],
      [
        4,
        1,
        49,
        2,
        11
      ],
      [
        4,
        11,
        5,
        43,
        7
      ],
      [
        10,
        7,
        29,
        9,
        39
      ]
    ],
    "report": {
      "daisy": {
        "precision": 0.4782608695652174,
        "recall": 0.673469387755102,
        "f1-score": 0.559322033898305,
        "support": 49.0
      },
      "dandelion": {
        "precision": 0.69,
        "recall": 0.6764705882352942,
        "f1-score": 0.6831683168316832,
        "support": 102.0
      },
      "roses": {
        "precision": 0.5444444444444444,
        "recall": 0.7313432835820896,
        "f1-score": 0.6242038216560509,
        "support": 67.0
      },
      "sunflowers": {
        "precision": 0.6935483870967742,
        "recall": 0.6142857142857143,
        "f1-score": 0.6515151515151515,
        "support": 70.0
      },
      "tulips": {
        "precision": 0.639344262295082,
        "recall": 0.4148936170212766,
        "f1-score": 0.5032258064516129,
        "support": 94.0
      },
      "accuracy": 0.6099476439790575,
      "macro avg": {
        "precision": 0.6091195926803035,
        "recall": 0.6220925181758953,
        "f1-score": 0.6042870260705607,
        "support": 382.0
      },
      "weighted avg": {
        "precision": 0.6254955710444643,
        "recall": 0.6099476439790575,
        "f1-score": 0.6068609697416656,
        "support": 382.0
      }
    }
  },
  "modelo_b": {
    "accuracy": 0.8455497382198953,
    "precision_macro": 0.8376857813096356,
    "recall_macro": 0.8503136942296766,
    "f1_macro": 0.8419404213421323,
    "precision_weighted": 0.8517587484992958,
    "recall_weighted": 0.8455497382198953,
    "f1_weighted": 0.8467356119599881,
    "confusion": [
      [
        43,
        1,
        1,
        2,
        2
      ],
      [
        11,
        85,
        0,
        6,
        0
      ],
      [
        0,
        0,
        56,
        1,
        10
      ],
      [
        2,
        1,
        0,
        62,
        5
      ],
      [
        2,
        2,
        11,
        2,
        77
      ]
    ],
    "report": {
      "daisy": {
        "precision": 0.7413793103448276,
        "recall": 0.8775510204081632,
        "f1-score": 0.8037383177570093,
        "support": 49.0
      },
      "dandelion": {
        "precision": 0.9550561797752809,
        "recall": 0.8333333333333334,
        "f1-score": 0.8900523560209425,
        "support": 102.0
      },
      "roses": {
        "precision": 0.8235294117647058,
        "recall": 0.835820895522388,
        "f1-score": 0.8296296296296296,
        "support": 67.0
      },
      "sunflowers": {
        "precision": 0.8493150684931506,
        "recall": 0.8857142857142857,
        "f1-score": 0.8671328671328671,
        "support": 70.0
      },
      "tulips": {
        "precision": 0.8191489361702128,
        "recall": 0.8191489361702128,
        "f1-score": 0.8191489361702128,
        "support": 94.0
      },
      "accuracy": 0.8455497382198953,
      "macro avg": {
        "precision": 0.8376857813096356,
        "recall": 0.8503136942296766,
        "f1-score": 0.8419404213421323,
        "support": 382.0
      },
      "weighted avg": {
        "precision": 0.8517587484992958,
        "recall": 0.8455497382198953,
        "f1-score": 0.8467356119599881,
        "support": 382.0
      }
    }
  },
  "modelo_b_early_stopping_stopped_epoch": 9,
  "dropout_sweep": [
    {
      "dropout": 0.3,
      "epochs_ran": 2,
      "f1_macro": 0.8355968557253639,
      "accuracy": 0.8429319371727748
    },
    {
      "dropout": 0.5,
      "epochs_ran": 2,
      "f1_macro": 0.8191234811361523,
      "accuracy": 0.8219895287958116
    },
    {
      "dropout": 0.7,
      "epochs_ran": 2,
      "f1_macro": 0.7758845553266696,
      "accuracy": 0.7801047120418848
    }
  ],
  "arquivos_gerados": [
    "c:\\Users\\ediad\\OneDrive\\Área de Trabalho\\deep-learning\\flower-photos\\resultados\\loss_a_vs_b.png",
    "c:\\Users\\ediad\\OneDrive\\Área de Trabalho\\deep-learning\\flower-photos\\resultados\\cm_modelo_a.png",
    "c:\\Users\\ediad\\OneDrive\\Área de Trabalho\\deep-learning\\flower-photos\\resultados\\cm_modelo_b.png"
  ]
}